S(t),I(t),R(t),mortes(t),tempo
68,2,0,0,0
67.9864,2.0113,0.0023,0.0000,0.1
67.9727,2.0227,0.0046,0.0001,0.2
67.9590,2.0342,0.0069,0.0001,0.3
67.9452,2.0457,0.0092,0.0002,0.4
67.9313,2.0573,0.0115,0.0002,0.5
67.9173,2.0689,0.0138,0.0003,0.6
67.9032,2.0806,0.0162,0.0003,0.7
67.8891,2.0924,0.0185,0.0004,0.8
67.8749,2.1042,0.0209,0.0004,0.9
67.8606,2.1161,0.0233,0.0005,1.0
67.8462,2.1280,0.0257,0.0005,1.1
67.8318,2.1400,0.0281,0.0006,1.2
67.8173,2.1521,0.0306,0.0006,1.3
67.8027,2.1643,0.0330,0.0007,1.4
67.7880,2.1765,0.0355,0.0007,1.5
67.7733,2.1888,0.0379,0.0008,1.6
67.7584,2.2011,0.0404,0.0008,1.7
67.7435,2.2135,0.0429,0.0009,1.8
67.7285,2.2260,0.0455,0.0009,1.9
67.7135,2.2386,0.0480,0.0010,2.0
67.6983,2.2512,0.0505,0.0010,2.1
67.6831,2.2639,0.0531,0.0011,2.2
67.6677,2.2766,0.0557,0.0011,2.3
67.6523,2.2894,0.0582,0.0012,2.4
67.6368,2.3023,0.0608,0.0012,2.5
67.6213,2.3153,0.0635,0.0013,2.6
67.6056,2.3283,0.0661,0.0013,2.7
67.5899,2.3414,0.0687,0.0014,2.8
67.5741,2.3546,0.0714,0.0014,2.9
67.5581,2.3678,0.0741,0.0015,3.0
67.5421,2.3811,0.0768,0.0015,3.1
67.5261,2.3945,0.0795,0.0016,3.2
67.5099,2.4079,0.0822,0.0016,3.3
67.4936,2.4214,0.0849,0.0017,3.4
67.4773,2.4350,0.0877,0.0018,3.5
67.4609,2.4487,0.0904,0.0018,3.6
67.4443,2.4624,0.0932,0.0019,3.7
67.4277,2.4762,0.0960,0.0019,3.8
67.4110,2.4901,0.0988,0.0020,3.9
67.3943,2.5041,0.1017,0.0020,4.0
67.3774,2.5181,0.1045,0.0021,4.1
67.3604,2.5322,0.1074,0.0021,4.2
67.3434,2.5464,0.1103,0.0022,4.3
67.3262,2.5607,0.1131,0.0023,4.4
67.3090,2.5750,0.1161,0.0023,4.5
67.2916,2.5894,0.1190,0.0024,4.6
67.2742,2.6039,0.1219,0.0024,4.7
67.2567,2.6184,0.1249,0.0025,4.8
67.2391,2.6331,0.1279,0.0026,4.9
67.2214,2.6478,0.1309,0.0026,5.0
67.2036,2.6626,0.1339,0.0027,5.1
67.1857,2.6774,0.1369,0.0027,5.2
67.1677,2.6924,0.1399,0.0028,5.3
67.1496,2.7074,0.1430,0.0029,5.4
67.1314,2.7225,0.1461,0.0029,5.5
67.1131,2.7377,0.1492,0.0030,5.6
67.0948,2.7530,0.1523,0.0030,5.7
67.0763,2.7683,0.1554,0.0031,5.8
67.0577,2.7837,0.1585,0.0032,5.9
67.0391,2.7992,0.1617,0.0032,6.0
67.0203,2.8148,0.1649,0.0033,6.1
67.0014,2.8305,0.1681,0.0034,6.2
66.9825,2.8462,0.1713,0.0034,6.3
66.9634,2.8621,0.1745,0.0035,6.4
66.9442,2.8780,0.1778,0.0036,6.5
66.9250,2.8940,0.1811,0.0036,6.6
66.9056,2.9100,0.1844,0.0037,6.7
66.8861,2.9262,0.1877,0.0038,6.8
66.8666,2.9424,0.1910,0.0038,6.9
66.8469,2.9588,0.1943,0.0039,7.0
66.8271,2.9752,0.1977,0.0040,7.1
66.8072,2.9917,0.2011,0.0040,7.2
66.7872,3.0083,0.2045,0.0041,7.3
66.7671,3.0250,0.2079,0.0042,7.4
66.7469,3.0417,0.2113,0.0042,7.5
66.7266,3.0586,0.2148,0.0043,7.6
66.7062,3.0755,0.2183,0.0044,7.7
66.6857,3.0925,0.2218,0.0044,7.8
66.6651,3.1096,0.2253,0.0045,7.9
66.6444,3.1268,0.2288,0.0046,8.0
66.6235,3.1441,0.2324,0.0046,8.1
66.6026,3.1615,0.2359,0.0047,8.2
66.5815,3.1789,0.2395,0.0048,8.3
66.5604,3.1965,0.2431,0.0049,8.4
66.5391,3.2141,0.2468,0.0049,8.5
66.5177,3.2319,0.2504,0.0050,8.6
66.4962,3.2497,0.2541,0.0051,8.7
66.4746,3.2676,0.2578,0.0052,8.8
66.4529,3.2856,0.2615,0.0052,8.9
66.4310,3.3037,0.2652,0.0053,9.0
66.4091,3.3219,0.2690,0.0054,9.1
66.3870,3.3402,0.2728,0.0055,9.2
66.3649,3.3586,0.2766,0.0055,9.3
66.3426,3.3771,0.2804,0.0056,9.4
66.3202,3.3956,0.2842,0.0057,9.5
66.2976,3.4143,0.2881,0.0058,9.6
66.2750,3.4330,0.2919,0.0058,9.7
66.2523,3.4519,0.2958,0.0059,9.8
66.2294,3.4708,0.2998,0.0060,9.9
66.2064,3.4899,0.3037,0.0061,10.0
66.1833,3.5090,0.3077,0.0062,10.1
66.1601,3.5283,0.3117,0.0062,10.2
66.1367,3.5476,0.3157,0.0063,10.3
66.1133,3.5670,0.3197,0.0064,10.4
66.0897,3.5866,0.3238,0.0065,10.5
66.0660,3.6062,0.3278,0.0066,10.6
66.0421,3.6259,0.3319,0.0066,10.7
66.0182,3.6457,0.3361,0.0067,10.8
65.9941,3.6657,0.3402,0.0068,10.9
65.9699,3.6857,0.3444,0.0069,11.0
65.9456,3.7058,0.3486,0.0070,11.1
65.9212,3.7260,0.3528,0.0071,11.2
65.8966,3.7464,0.3570,0.0071,11.3
65.8719,3.7668,0.3613,0.0072,11.4
65.8471,3.7873,0.3655,0.0073,11.5
65.8222,3.8080,0.3698,0.0074,11.6
65.7971,3.8287,0.3742,0.0075,11.7
65.7719,3.8495,0.3785,0.0076,11.8
65.7466,3.8705,0.3829,0.0077,11.9
65.7212,3.8915,0.3873,0.0077,12.0
65.6956,3.9127,0.3917,0.0078,12.1
65.6699,3.9339,0.3962,0.0079,12.2
65.6441,3.9553,0.4006,0.0080,12.3
65.6181,3.9768,0.4051,0.0081,12.4
65.5920,3.9984,0.4096,0.0082,12.5
65.5658,4.0200,0.4142,0.0083,12.6
65.5394,4.0418,0.4188,0.0084,12.7
65.5129,4.0637,0.4233,0.0085,12.8
65.4863,4.0857,0.4280,0.0086,12.9
65.4595,4.1078,0.4326,0.0087,13.0
65.4327,4.1301,0.4373,0.0087,13.1
65.4056,4.1524,0.4420,0.0088,13.2
65.3785,4.1748,0.4467,0.0089,13.3
65.3512,4.1974,0.4514,0.0090,13.4
65.3238,4.2200,0.4562,0.0091,13.5
65.2962,4.2428,0.4610,0.0092,13.6
65.2685,4.2657,0.4658,0.0093,13.7
65.2406,4.2887,0.4707,0.0094,13.8
65.2127,4.3118,0.4755,0.0095,13.9
65.1845,4.3350,0.4804,0.0096,14.0
65.1563,4.3584,0.4854,0.0097,14.1
65.1279,4.3818,0.4903,0.0098,14.2
65.0994,4.4054,0.4953,0.0099,14.3
65.0707,4.4290,0.5003,0.0100,14.4
65.0419,4.4528,0.5053,0.0101,14.5
65.0129,4.4767,0.5104,0.0102,14.6
64.9838,4.5007,0.5155,0.0103,14.7
64.9545,4.5249,0.5206,0.0104,14.8
64.9252,4.5491,0.5257,0.0105,14.9
64.8956,4.5735,0.5309,0.0106,15.0
64.8659,4.5980,0.5361,0.0107,15.1
64.8361,4.6226,0.5413,0.0108,15.2
64.8062,4.6473,0.5466,0.0109,15.3
64.7760,4.6721,0.5519,0.0110,15.4
64.7458,4.6971,0.5572,0.0111,15.5
64.7154,4.7221,0.5625,0.0113,15.6
64.6848,4.7473,0.5679,0.0114,15.7
64.6541,4.7727,0.5733,0.0115,15.8
64.6232,4.7981,0.5787,0.0116,15.9
64.5922,4.8236,0.5841,0.0117,16.0
64.5611,4.8493,0.5896,0.0118,16.1
64.5298,4.8751,0.5951,0.0119,16.2
64.4983,4.9010,0.6007,0.0120,16.3
64.4667,4.9271,0.6063,0.0121,16.4
64.4349,4.9532,0.6118,0.0122,16.5
64.4030,4.9795,0.6175,0.0123,16.6
64.3709,5.0059,0.6231,0.0125,16.7
64.3387,5.0325,0.6288,0.0126,16.8
64.3063,5.0591,0.6345,0.0127,16.9
64.2738,5.0859,0.6403,0.0128,17.0
64.2411,5.1128,0.6461,0.0129,17.1
64.2083,5.1399,0.6519,0.0130,17.2
64.1753,5.1670,0.6577,0.0132,17.3
64.1421,5.1943,0.6636,0.0133,17.4
64.1088,5.2217,0.6695,0.0134,17.5
64.0753,5.2493,0.6754,0.0135,17.6
64.0417,5.2769,0.6814,0.0136,17.7
64.0079,5.3047,0.6874,0.0137,17.8
63.9739,5.3327,0.6934,0.0139,17.9
63.9398,5.3607,0.6995,0.0140,18.0
63.9055,5.3889,0.7056,0.0141,18.1
63.8711,5.4172,0.7117,0.0142,18.2
63.8365,5.4457,0.7179,0.0144,18.3
63.8017,5.4742,0.7240,0.0145,18.4
63.7668,5.5029,0.7303,0.0146,18.5
63.7317,5.5318,0.7365,0.0147,18.6
63.6965,5.5607,0.7428,0.0149,18.7
63.6610,5.5898,0.7491,0.0150,18.8
63.6255,5.6191,0.7555,0.0151,18.9
63.5897,5.6484,0.7619,0.0152,19.0
63.5538,5.6779,0.7683,0.0154,19.1
63.5177,5.7076,0.7747,0.0155,19.2
63.4814,5.7373,0.7812,0.0156,19.3
63.4450,5.7672,0.7877,0.0158,19.4
63.4084,5.7973,0.7943,0.0159,19.5
63.3717,5.8275,0.8009,0.0160,19.6
63.3347,5.8578,0.8075,0.0161,19.7
63.2976,5.8882,0.8142,0.0163,19.8
63.2604,5.9188,0.8208,0.0164,19.9
63.2229,5.9495,0.8276,0.0166,20.0
63.1853,5.9804,0.8343,0.0167,20.1
63.1475,6.0114,0.8411,0.0168,20.2
63.1096,6.0425,0.8480,0.0170,20.3
63.0714,6.0737,0.8548,0.0171,20.4
63.0331,6.1052,0.8617,0.0172,20.5
62.9946,6.1367,0.8687,0.0174,20.6
62.9560,6.1684,0.8756,0.0175,20.7
62.9172,6.2002,0.8826,0.0177,20.8
62.8781,6.2322,0.8897,0.0178,20.9
62.8390,6.2643,0.8968,0.0179,21.0
62.7996,6.2965,0.9039,0.0181,21.1
62.7601,6.3289,0.9110,0.0182,21.2
62.7203,6.3614,0.9182,0.0184,21.3
62.6804,6.3941,0.9255,0.0185,21.4
62.6404,6.4269,0.9327,0.0187,21.5
62.6001,6.4599,0.9400,0.0188,21.6
62.5597,6.4930,0.9474,0.0189,21.7
62.5190,6.5262,0.9548,0.0191,21.8
62.4782,6.5596,0.9622,0.0192,21.9
62.4373,6.5931,0.9696,0.0194,22.0
62.3961,6.6268,0.9771,0.0195,22.1
62.3547,6.6606,0.9847,0.0197,22.2
62.3132,6.6946,0.9922,0.0198,22.3
62.2715,6.7287,0.9998,0.0200,22.4
62.2296,6.7629,1.0075,0.0201,22.5
62.1875,6.7973,1.0152,0.0203,22.6
62.1452,6.8319,1.0229,0.0205,22.7
62.1028,6.8666,1.0306,0.0206,22.8
62.0601,6.9014,1.0384,0.0208,22.9
62.0173,6.9364,1.0463,0.0209,23.0
61.9743,6.9715,1.0542,0.0211,23.1
61.9311,7.0068,1.0621,0.0212,23.2
61.8877,7.0423,1.0701,0.0214,23.3
61.8441,7.0778,1.0781,0.0216,23.4
61.8003,7.1136,1.0861,0.0217,23.5
61.7564,7.1495,1.0942,0.0219,23.6
61.7122,7.1855,1.1023,0.0220,23.7
61.6679,7.2217,1.1105,0.0222,23.8
61.6233,7.2580,1.1187,0.0224,23.9
61.5786,7.2945,1.1269,0.0225,24.0
61.5337,7.3311,1.1352,0.0227,24.1
61.4886,7.3679,1.1436,0.0229,24.2
61.4433,7.4048,1.1519,0.0230,24.3
61.3978,7.4419,1.1603,0.0232,24.4
61.3521,7.4791,1.1688,0.0234,24.5
61.3062,7.5165,1.1773,0.0235,24.6
61.2601,7.5541,1.1858,0.0237,24.7
61.2138,7.5917,1.1944,0.0239,24.8
61.1674,7.6296,1.2030,0.0241,24.9
61.1207,7.6676,1.2117,0.0242,25.0
61.0738,7.7057,1.2204,0.0244,25.1
61.0268,7.7440,1.2292,0.0246,25.2
60.9795,7.7825,1.2380,0.0248,25.3
60.9321,7.8211,1.2468,0.0249,25.4
60.8844,7.8599,1.2557,0.0251,25.5
60.8366,7.8988,1.2646,0.0253,25.6
60.7885,7.9379,1.2736,0.0255,25.7
60.7402,7.9771,1.2826,0.0257,25.8
60.6918,8.0165,1.2917,0.0258,25.9
60.6431,8.0561,1.3008,0.0260,26.0
60.5943,8.0957,1.3100,0.0262,26.1
60.5452,8.1356,1.3192,0.0264,26.2
60.4960,8.1756,1.3284,0.0266,26.3
60.4465,8.2158,1.3377,0.0268,26.4
60.3969,8.2561,1.3470,0.0269,26.5
60.3470,8.2966,1.3564,0.0271,26.6
60.2969,8.3372,1.3659,0.0273,26.7
60.2467,8.3780,1.3753,0.0275,26.8
60.1962,8.4190,1.3849,0.0277,26.9
60.1455,8.4601,1.3944,0.0279,27.0
60.0946,8.5014,1.4040,0.0281,27.1
60.0435,8.5428,1.4137,0.0283,27.2
59.9922,8.5844,1.4234,0.0285,27.3
59.9407,8.6261,1.4332,0.0287,27.4
59.8890,8.6680,1.4430,0.0289,27.5
59.8371,8.7101,1.4528,0.0291,27.6
59.7850,8.7523,1.4627,0.0293,27.7
59.7327,8.7947,1.4727,0.0295,27.8
59.6801,8.8372,1.4826,0.0297,27.9
59.6274,8.8799,1.4927,0.0299,28.0
59.5744,8.9228,1.5028,0.0301,28.1
59.5213,8.9658,1.5129,0.0303,28.2
59.4679,9.0090,1.5231,0.0305,28.3
59.4144,9.0523,1.5333,0.0307,28.4
59.3606,9.0958,1.5436,0.0309,28.5
59.3066,9.1395,1.5540,0.0311,28.6
59.2524,9.1833,1.5644,0.0313,28.7
59.1980,9.2273,1.5748,0.0315,28.8
59.1433,9.2714,1.5853,0.0317,28.9
59.0885,9.3157,1.5958,0.0319,29.0
59.0335,9.3602,1.6064,0.0321,29.1
58.9782,9.4048,1.6170,0.0323,29.2
58.9227,9.4496,1.6277,0.0326,29.3
58.8671,9.4945,1.6385,0.0328,29.4
58.8112,9.5396,1.6492,0.0330,29.5
58.7551,9.5849,1.6601,0.0332,29.6
58.6987,9.6303,1.6710,0.0334,29.7
58.6422,9.6759,1.6819,0.0336,29.8
58.5855,9.7216,1.6929,0.0339,29.9
58.5285,9.7675,1.7040,0.0341,30.0
58.4714,9.8136,1.7151,0.0343,30.1
58.4140,9.8598,1.7262,0.0345,30.2
58.3564,9.9062,1.7374,0.0347,30.3
58.2986,9.9528,1.7487,0.0350,30.4
58.2405,9.9995,1.7600,0.0352,30.5
58.1823,10.0464,1.7714,0.0354,30.6
58.1239,10.0934,1.7828,0.0357,30.7
58.0652,10.1406,1.7942,0.0359,30.8
58.0063,10.1880,1.8058,0.0361,30.9
57.9472,10.2355,1.8173,0.0363,31.0
57.8879,10.2832,1.8290,0.0366,31.1
57.8284,10.3310,1.8407,0.0368,31.2
57.7686,10.3790,1.8524,0.0370,31.3
57.7087,10.4272,1.8642,0.0373,31.4
57.6485,10.4755,1.8760,0.0375,31.5
57.5881,10.5240,1.8879,0.0378,31.6
57.5275,10.5726,1.8999,0.0380,31.7
57.4667,10.6214,1.9119,0.0382,31.8
57.4056,10.6704,1.9240,0.0385,31.9
57.3444,10.7195,1.9361,0.0387,32.0
57.2829,10.7688,1.9483,0.0390,32.1
57.2212,10.8183,1.9605,0.0392,32.2
57.1593,10.8679,1.9728,0.0395,32.3
57.0972,10.9176,1.9852,0.0397,32.4
57.0349,10.9676,1.9976,0.0400,32.5
56.9723,11.0177,2.0100,0.0402,32.6
56.9095,11.0679,2.0226,0.0405,32.7
56.8466,11.1183,2.0351,0.0407,32.8
56.7834,11.1689,2.0478,0.0410,32.9
56.7199,11.2196,2.0605,0.0412,33.0
56.6563,11.2705,2.0732,0.0415,33.1
56.5924,11.3216,2.0860,0.0417,33.2
56.5284,11.3728,2.0989,0.0420,33.3
56.4641,11.4241,2.1118,0.0422,33.4
56.3996,11.4756,2.1248,0.0425,33.5
56.3349,11.5273,2.1378,0.0428,33.6
56.2699,11.5792,2.1509,0.0430,33.7
56.2048,11.6312,2.1641,0.0433,33.8
56.1394,11.6833,2.1773,0.0435,33.9
56.0738,11.7356,2.1906,0.0438,34.0
56.0080,11.7881,2.2039,0.0441,34.1
55.9420,11.8407,2.2173,0.0443,34.2
55.8757,11.8935,2.2308,0.0446,34.3
55.8093,11.9465,2.2443,0.0449,34.4
55.7426,11.9996,2.2579,0.0452,34.5
55.6757,12.0528,2.2715,0.0454,34.6
55.6086,12.1062,2.2852,0.0457,34.7
55.5413,12.1598,2.2990,0.0460,34.8
55.4738,12.2135,2.3128,0.0463,34.9
55.4060,12.2674,2.3266,0.0465,35.0
55.3380,12.3214,2.3406,0.0468,35.1
55.2698,12.3756,2.3546,0.0471,35.2
55.2014,12.4299,2.3687,0.0474,35.3
55.1328,12.4844,2.3828,0.0477,35.4
55.0640,12.5391,2.3970,0.0479,35.5
54.9950,12.5939,2.4112,0.0482,35.6
54.9257,12.6488,2.4255,0.0485,35.7
54.8562,12.7039,2.4399,0.0488,35.8
54.7865,12.7592,2.4543,0.0491,35.9
54.7166,12.8146,2.4688,0.0494,36.0
54.6465,12.8701,2.4834,0.0497,36.1
54.5762,12.9258,2.4980,0.0500,36.2
54.5056,12.9817,2.5127,0.0503,36.3
54.4349,13.0377,2.5275,0.0505,36.4
54.3639,13.0938,2.5423,0.0508,36.5
54.2927,13.1501,2.5572,0.0511,36.6
54.2213,13.2066,2.5721,0.0514,36.7
54.1497,13.2632,2.5871,0.0517,36.8
54.0779,13.3199,2.6022,0.0520,36.9
54.0059,13.3768,2.6173,0.0523,37.0
53.9336,13.4339,2.6325,0.0527,37.1
53.8612,13.4911,2.6478,0.0530,37.2
53.7885,13.5484,2.6631,0.0533,37.3
53.7156,13.6059,2.6785,0.0536,37.4
53.6425,13.6635,2.6940,0.0539,37.5
53.5692,13.7213,2.7095,0.0542,37.6
53.4957,13.7792,2.7251,0.0545,37.7
53.4220,13.8372,2.7407,0.0548,37.8
53.3481,13.8954,2.7565,0.0551,37.9
53.2740,13.9538,2.7723,0.0554,38.0
53.1996,14.0123,2.7881,0.0558,38.1
53.1251,14.0709,2.8040,0.0561,38.2
53.0503,14.1296,2.8200,0.0564,38.3
52.9754,14.1885,2.8361,0.0567,38.4
52.9002,14.2476,2.8522,0.0570,38.5
52.8249,14.3068,2.8684,0.0574,38.6
52.7493,14.3661,2.8847,0.0577,38.7
52.6735,14.4255,2.9010,0.0580,38.8
52.5975,14.4851,2.9174,0.0583,38.9
52.5213,14.5449,2.9338,0.0587,39.0
52.4449,14.6047,2.9504,0.0590,39.1
52.3683,14.6647,2.9670,0.0593,39.2
52.2915,14.7248,2.9836,0.0597,39.3
52.2145,14.7851,3.0004,0.0600,39.4
52.1373,14.8455,3.0172,0.0603,39.5
52.0599,14.9060,3.0340,0.0607,39.6
51.9823,14.9667,3.0510,0.0610,39.7
51.9045,15.0275,3.0680,0.0614,39.8
51.8265,15.0884,3.0851,0.0617,39.9
51.7483,15.1495,3.1022,0.0620,40.0
51.6699,15.2107,3.1194,0.0624,40.1
51.5914,15.2720,3.1367,0.0627,40.2
51.5126,15.3334,3.1541,0.0631,40.3
51.4336,15.3950,3.1715,0.0634,40.4
51.3544,15.4566,3.1890,0.0638,40.5
51.2750,15.5185,3.2065,0.0641,40.6
51.1954,15.5804,3.2242,0.0645,40.7
51.1157,15.6425,3.2419,0.0648,40.8
51.0357,15.7046,3.2597,0.0652,40.9
50.9556,15.7669,3.2775,0.0655,41.0
50.8752,15.8294,3.2954,0.0659,41.1
50.7947,15.8919,3.3134,0.0663,41.2
50.7140,15.9546,3.3315,0.0666,41.3
50.6331,16.0174,3.3496,0.0670,41.4
50.5520,16.0803,3.3678,0.0674,41.5
50.4707,16.1433,3.3861,0.0677,41.6
50.3892,16.2064,3.4044,0.0681,41.7
50.3075,16.2696,3.4228,0.0685,41.8
50.2257,16.3330,3.4413,0.0688,41.9
50.1437,16.3965,3.4599,0.0692,42.0
50.0614,16.4601,3.4785,0.0696,42.1
49.9790,16.5238,3.4972,0.0699,42.2
49.8965,16.5876,3.5160,0.0703,42.3
49.8137,16.6515,3.5348,0.0707,42.4
49.7307,16.7155,3.5538,0.0711,42.5
49.6476,16.7796,3.5728,0.0715,42.6
49.5643,16.8439,3.5918,0.0718,42.7
49.4808,16.9082,3.6110,0.0722,42.8
49.3972,16.9727,3.6302,0.0726,42.9
49.3133,17.0372,3.6495,0.0730,43.0
49.2293,17.1019,3.6688,0.0734,43.1
49.1451,17.1666,3.6883,0.0738,43.2
49.0607,17.2315,3.7078,0.0742,43.3
48.9762,17.2965,3.7273,0.0745,43.4
48.8915,17.3615,3.7470,0.0749,43.5
48.8066,17.4267,3.7667,0.0753,43.6
48.7216,17.4919,3.7865,0.0757,43.7
48.6363,17.5573,3.8064,0.0761,43.8
48.5509,17.6227,3.8264,0.0765,43.9
48.4654,17.6882,3.8464,0.0769,44.0
48.3797,17.7539,3.8665,0.0773,44.1
48.2938,17.8196,3.8867,0.0777,44.2
48.2077,17.8854,3.9069,0.0781,44.3
48.1215,17.9513,3.9272,0.0785,44.4
48.0351,18.0173,3.9476,0.0790,44.5
47.9486,18.0833,3.9681,0.0794,44.6
47.8619,18.1495,3.9887,0.0798,44.7
47.7750,18.2157,4.0093,0.0802,44.8
47.6880,18.2821,4.0300,0.0806,44.9
47.6008,18.3485,4.0508,0.0810,45.0
47.5134,18.4150,4.0716,0.0814,45.1
47.4259,18.4815,4.0925,0.0819,45.2
47.3383,18.5482,4.1135,0.0823,45.3
47.2505,18.6149,4.1346,0.0827,45.4
47.1625,18.6817,4.1558,0.0831,45.5
47.0744,18.7486,4.1770,0.0835,45.6
46.9862,18.8155,4.1983,0.0840,45.7
46.8978,18.8826,4.2197,0.0844,45.8
46.8092,18.9497,4.2411,0.0848,45.9
46.7205,19.0168,4.2627,0.0853,46.0
46.6316,19.0841,4.2843,0.0857,46.1
46.5427,19.1514,4.3060,0.0861,46.2
46.4535,19.2188,4.3277,0.0866,46.3
46.3642,19.2862,4.3496,0.0870,46.4
46.2748,19.3537,4.3715,0.0874,46.5
46.1853,19.4213,4.3935,0.0879,46.6
46.0956,19.4889,4.4156,0.0883,46.7
46.0057,19.5566,4.4377,0.0888,46.8
45.9158,19.6243,4.4599,0.0892,46.9
45.8257,19.6921,4.4822,0.0896,47.0
45.7354,19.7600,4.5046,0.0901,47.1
45.6450,19.8279,4.5271,0.0905,47.2
45.5545,19.8959,4.5496,0.0910,47.3
45.4639,19.9639,4.5722,0.0914,47.4
45.3731,20.0320,4.5949,0.0919,47.5
45.2822,20.1001,4.6176,0.0924,47.6
45.1912,20.1683,4.6405,0.0928,47.7
45.1001,20.2365,4.6634,0.0933,47.8
45.0088,20.3048,4.6864,0.0937,47.9
44.9174,20.3731,4.7095,0.0942,48.0
44.8259,20.4415,4.7326,0.0947,48.1
44.7343,20.5099,4.7559,0.0951,48.2
44.6425,20.5783,4.7792,0.0956,48.3
44.5507,20.6468,4.8025,0.0961,48.4
44.4587,20.7153,4.8260,0.0965,48.5
44.3666,20.7839,4.8496,0.0970,48.6
44.2744,20.8525,4.8732,0.0975,48.7
44.1821,20.9211,4.8969,0.0979,48.8
44.0896,20.9897,4.9206,0.0984,48.9
43.9971,21.0584,4.9445,0.0989,49.0
43.9044,21.1272,4.9684,0.0994,49.1
43.8117,21.1959,4.9924,0.0998,49.2
43.7188,21.2647,5.0165,0.1003,49.3
43.6258,21.3335,5.0407,0.1008,49.4
43.5328,21.4023,5.0649,0.1013,49.5
43.4396,21.4712,5.0892,0.1018,49.6
43.3463,21.5400,5.1136,0.1023,49.7
43.2530,21.6089,5.1381,0.1028,49.8
43.1595,21.6778,5.1627,0.1033,49.9
43.0659,21.7468,5.1873,0.1037,50.0
42.9723,21.8157,5.2120,0.1042,50.1
42.8785,21.8847,5.2368,0.1047,50.2
42.7847,21.9536,5.2617,0.1052,50.3
42.6908,22.0226,5.2866,0.1057,50.4
42.5967,22.0916,5.3117,0.1062,50.5
42.5026,22.1606,5.3368,0.1067,50.6
42.4085,22.2296,5.3619,0.1072,50.7
42.3142,22.2986,5.3872,0.1077,50.8
42.2198,22.3676,5.4125,0.1083,50.9
42.1254,22.4367,5.4380,0.1088,51.0
42.0309,22.5057,5.4635,0.1093,51.1
41.9363,22.5747,5.4890,0.1098,51.2
41.8416,22.6437,5.5147,0.1103,51.3
41.7469,22.7127,5.5404,0.1108,51.4
41.6520,22.7817,5.5662,0.1113,51.5
41.5572,22.8507,5.5921,0.1118,51.6
41.4622,22.9197,5.6181,0.1124,51.7
41.3672,22.9887,5.6441,0.1129,51.8
41.2721,23.0577,5.6702,0.1134,51.9
41.1769,23.1266,5.6964,0.1139,52.0
41.0817,23.1956,5.7227,0.1145,52.1
40.9864,23.2645,5.7491,0.1150,52.2
40.8910,23.3334,5.7755,0.1155,52.3
40.7956,23.4023,5.8020,0.1160,52.4
40.7001,23.4712,5.8286,0.1166,52.5
40.6046,23.5401,5.8553,0.1171,52.6
40.5090,23.6089,5.8821,0.1176,52.7
40.4134,23.6777,5.9089,0.1182,52.8
40.3177,23.7465,5.9358,0.1187,52.9
40.2220,23.8153,5.9628,0.1193,53.0
40.1262,23.8840,5.9898,0.1198,53.1
40.0303,23.9527,6.0170,0.1203,53.2
39.9345,24.0214,6.0442,0.1209,53.3
39.8385,24.0900,6.0715,0.1214,53.4
39.7426,24.1586,6.0989,0.1220,53.5
39.6465,24.2271,6.1263,0.1225,53.6
39.5505,24.2957,6.1539,0.1231,53.7
39.4544,24.3641,6.1815,0.1236,53.8
39.3583,24.4326,6.2091,0.1242,53.9
39.2621,24.5010,6.2369,0.1247,54.0
39.1659,24.5693,6.2648,0.1253,54.1
39.0697,24.6376,6.2927,0.1259,54.2
38.9734,24.7059,6.3207,0.1264,54.3
38.8771,24.7741,6.3487,0.1270,54.4
38.7808,24.8423,6.3769,0.1275,54.5
38.6845,24.9104,6.4051,0.1281,54.6
38.5881,24.9784,6.4334,0.1287,54.7
38.4917,25.0465,6.4618,0.1292,54.8
38.3953,25.1144,6.4903,0.1298,54.9
38.2989,25.1823,6.5188,0.1304,55.0
38.2025,25.2501,6.5474,0.1309,55.1
38.1060,25.3179,6.5761,0.1315,55.2
38.0095,25.3856,6.6049,0.1321,55.3
37.9130,25.4532,6.6338,0.1327,55.4
37.8165,25.5208,6.6627,0.1333,55.5
37.7200,25.5883,6.6917,0.1338,55.6
37.6235,25.6558,6.7208,0.1344,55.7
37.5270,25.7231,6.7499,0.1350,55.8
37.4304,25.7904,6.7791,0.1356,55.9
37.3339,25.8577,6.8084,0.1362,56.0
37.2374,25.9248,6.8378,0.1368,56.1
37.1408,25.9919,6.8673,0.1373,56.2
37.0443,26.0589,6.8968,0.1379,56.3
36.9478,26.1258,6.9264,0.1385,56.4
36.8512,26.1927,6.9561,0.1391,56.5
36.7547,26.2594,6.9859,0.1397,56.6
36.6582,26.3261,7.0157,0.1403,56.7
36.5617,26.3927,7.0456,0.1409,56.8
36.4652,26.4592,7.0756,0.1415,56.9
36.3687,26.5256,7.1057,0.1421,57.0
36.2722,26.5919,7.1358,0.1427,57.1
36.1758,26.6582,7.1661,0.1433,57.2
36.0793,26.7243,7.1964,0.1439,57.3
35.9829,26.7904,7.2267,0.1445,57.4
35.8865,26.8563,7.2572,0.1451,57.5
35.7901,26.9222,7.2877,0.1458,57.6
35.6938,26.9879,7.3183,0.1464,57.7
35.5974,27.0536,7.3490,0.1470,57.8
35.5011,27.1192,7.3797,0.1476,57.9
35.4049,27.1846,7.4105,0.1482,58.0
35.3086,27.2500,7.4414,0.1488,58.1
35.2124,27.3152,7.4724,0.1494,58.2
35.1162,27.3804,7.5034,0.1501,58.3
35.0201,27.4454,7.5345,0.1507,58.4
34.9240,27.5103,7.5657,0.1513,58.5
34.8279,27.5751,7.5970,0.1519,58.6
34.7318,27.6398,7.6283,0.1526,58.7
34.6358,27.7044,7.6597,0.1532,58.8
34.5399,27.7689,7.6912,0.1538,58.9
34.4440,27.8333,7.7228,0.1545,59.0
34.3481,27.8975,7.7544,0.1551,59.1
34.2523,27.9616,7.7861,0.1557,59.2
34.1565,28.0256,7.8179,0.1564,59.3
34.0608,28.0895,7.8497,0.1570,59.4
33.9651,28.1533,7.8816,0.1576,59.5
33.8695,28.2169,7.9136,0.1583,59.6
33.7739,28.2804,7.9457,0.1589,59.7
33.6784,28.3438,7.9778,0.1596,59.8
33.5829,28.4070,8.0100,0.1602,59.9
33.4875,28.4701,8.0423,0.1608,60.0
33.3922,28.5331,8.0747,0.1615,60.1
33.2969,28.5960,8.1071,0.1621,60.2
33.2017,28.6587,8.1396,0.1628,60.3
33.1066,28.7213,8.1721,0.1634,60.4
33.0115,28.7837,8.2048,0.1641,60.5
32.9165,28.8461,8.2375,0.1647,60.6
32.8215,28.9082,8.2703,0.1654,60.7
32.7266,28.9703,8.3031,0.1661,60.8
32.6318,29.0321,8.3360,0.1667,60.9
32.5371,29.0939,8.3690,0.1674,61.0
32.4424,29.1555,8.4021,0.1680,61.1
32.3478,29.2169,8.4352,0.1687,61.2
32.2533,29.2783,8.4684,0.1694,61.3
32.1589,29.3394,8.5017,0.1700,61.4
32.0645,29.4004,8.5350,0.1707,61.5
31.9703,29.4613,8.5685,0.1714,61.6
31.8761,29.5220,8.6019,0.1720,61.7
31.7820,29.5826,8.6355,0.1727,61.8
31.6879,29.6430,8.6691,0.1734,61.9
31.5940,29.7032,8.7028,0.1741,62.0
31.5002,29.7633,8.7365,0.1747,62.1
31.4064,29.8232,8.7704,0.1754,62.2
31.3127,29.8830,8.8042,0.1761,62.3
31.2192,29.9426,8.8382,0.1768,62.4
31.1257,30.0021,8.8722,0.1774,62.5
31.0323,30.0614,8.9063,0.1781,62.6
30.9390,30.1205,8.9405,0.1788,62.7
30.8458,30.1794,8.9747,0.1795,62.8
30.7527,30.2382,9.0090,0.1802,62.9
30.6598,30.2969,9.0434,0.1809,63.0
30.5669,30.3553,9.0778,0.1816,63.1
30.4741,30.4136,9.1123,0.1822,63.2
30.3814,30.4718,9.1469,0.1829,63.3
30.2888,30.5297,9.1815,0.1836,63.4
30.1964,30.5875,9.2162,0.1843,63.5
30.1040,30.6451,9.2509,0.1850,63.6
30.0117,30.7025,9.2858,0.1857,63.7
29.9196,30.7598,9.3206,0.1864,63.8
29.8276,30.8168,9.3556,0.1871,63.9
29.7356,30.8737,9.3906,0.1878,64.0
29.6438,30.9305,9.4257,0.1885,64.1
29.5521,30.9870,9.4608,0.1892,64.2
29.4606,31.0434,9.4961,0.1899,64.3
29.3691,31.0995,9.5313,0.1906,64.4
29.2778,31.1555,9.5667,0.1913,64.5
29.1866,31.2114,9.6021,0.1920,64.6
29.0955,31.2670,9.6376,0.1928,64.7
29.0045,31.3224,9.6731,0.1935,64.8
28.9136,31.3777,9.7087,0.1942,64.9
28.8229,31.4328,9.7443,0.1949,65.0
28.7323,31.4876,9.7801,0.1956,65.1
28.6418,31.5423,9.8158,0.1963,65.2
28.5515,31.5968,9.8517,0.1970,65.3
28.4613,31.6511,9.8876,0.1978,65.4
28.3712,31.7052,9.9235,0.1985,65.5
28.2813,31.7592,9.9596,0.1992,65.6
28.1914,31.8129,9.9957,0.1999,65.7
28.1017,31.8664,10.0318,0.2006,65.8
28.0122,31.9198,10.0680,0.2014,65.9
27.9228,31.9729,10.1043,0.2021,66.0
27.8335,32.0259,10.1406,0.2028,66.1
27.7444,32.0786,10.1770,0.2035,66.2
27.6554,32.1311,10.2135,0.2043,66.3
27.5665,32.1835,10.2500,0.2050,66.4
27.4778,32.2356,10.2866,0.2057,66.5
27.3892,32.2876,10.3232,0.2065,66.6
27.3008,32.3393,10.3599,0.2072,66.7
27.2125,32.3909,10.3966,0.2079,66.8
27.1243,32.4422,10.4334,0.2087,66.9
27.0363,32.4933,10.4703,0.2094,67.0
26.9485,32.5443,10.5072,0.2101,67.1
26.8608,32.5950,10.5442,0.2109,67.2
26.7732,32.6455,10.5813,0.2116,67.3
26.6858,32.6958,10.6184,0.2124,67.4
26.5986,32.7459,10.6555,0.2131,67.5
26.5115,32.7958,10.6927,0.2139,67.6
26.4245,32.8455,10.7300,0.2146,67.7
26.3378,32.8949,10.7673,0.2153,67.8
26.2511,32.9442,10.8047,0.2161,67.9
26.1646,32.9932,10.8421,0.2168,68.0
26.0783,33.0421,10.8796,0.2176,68.1
25.9921,33.0907,10.9172,0.2183,68.2
25.9061,33.1391,10.9548,0.2191,68.3
25.8203,33.1873,10.9924,0.2198,68.4
25.7346,33.2353,11.0301,0.2206,68.5
25.6491,33.2830,11.0679,0.2214,68.6
25.5637,33.3306,11.1057,0.2221,68.7
25.4785,33.3779,11.1436,0.2229,68.8
25.3934,33.4250,11.1815,0.2236,68.9
25.3086,33.4719,11.2195,0.2244,69.0
25.2239,33.5186,11.2576,0.2252,69.1
25.1393,33.5650,11.2956,0.2259,69.2
25.0549,33.6113,11.3338,0.2267,69.3
24.9707,33.6573,11.3720,0.2274,69.4
24.8867,33.7031,11.4102,0.2282,69.5
24.8028,33.7487,11.4485,0.2290,69.6
24.7191,33.7940,11.4869,0.2297,69.7
24.6355,33.8392,11.5253,0.2305,69.8
24.5522,33.8841,11.5637,0.2313,69.9
24.4690,33.9288,11.6022,0.2320,70.0
24.3860,33.9732,11.6408,0.2328,70.1
24.3031,34.0175,11.6794,0.2336,70.2
24.2204,34.0615,11.7181,0.2344,70.3
24.1380,34.1053,11.7568,0.2351,70.4
24.0556,34.1489,11.7955,0.2359,70.5
23.9735,34.1922,11.8343,0.2367,70.6
23.8915,34.2353,11.8732,0.2375,70.7
23.8097,34.2782,11.9121,0.2382,70.8
23.7281,34.3209,11.9510,0.2390,70.9
23.6467,34.3633,11.9900,0.2398,71.0
23.5654,34.4055,12.0291,0.2406,71.1
23.4843,34.4475,12.0682,0.2414,71.2
23.4034,34.4892,12.1073,0.2421,71.3
23.3227,34.5308,12.1465,0.2429,71.4
23.2422,34.5721,12.1858,0.2437,71.5
23.1618,34.6131,12.2251,0.2445,71.6
23.0817,34.6540,12.2644,0.2453,71.7
23.0017,34.6946,12.3038,0.2461,71.8
22.9219,34.7349,12.3432,0.2469,71.9
22.8422,34.7751,12.3827,0.2477,72.0
22.7628,34.8150,12.4222,0.2484,72.1
22.6836,34.8547,12.4617,0.2492,72.2
22.6045,34.8942,12.5013,0.2500,72.3
22.5256,34.9334,12.5410,0.2508,72.4
22.4469,34.9724,12.5807,0.2516,72.5
22.3684,35.0111,12.6204,0.2524,72.6
22.2901,35.0497,12.6602,0.2532,72.7
22.2120,35.0880,12.7001,0.2540,72.8
22.1341,35.1260,12.7399,0.2548,72.9
22.0563,35.1638,12.7798,0.2556,73.0
21.9788,35.2014,12.8198,0.2564,73.1
21.9014,35.2388,12.8598,0.2572,73.2
21.8242,35.2759,12.8998,0.2580,73.3
21.7472,35.3128,12.9399,0.2588,73.4
21.6704,35.3495,12.9801,0.2596,73.5
21.5938,35.3859,13.0202,0.2604,73.6
21.5174,35.4221,13.0604,0.2612,73.7
21.4412,35.4581,13.1007,0.2620,73.8
21.3652,35.4938,13.1410,0.2628,73.9
21.2893,35.5293,13.1813,0.2636,74.0
21.2137,35.5646,13.2217,0.2644,74.1
21.1382,35.5996,13.2621,0.2652,74.2
21.0630,35.6344,13.3026,0.2661,74.3
20.9879,35.6690,13.3431,0.2669,74.4
20.9131,35.7033,13.3836,0.2677,74.5
20.8384,35.7374,13.4242,0.2685,74.6
20.7639,35.7713,13.4648,0.2693,74.7
20.6897,35.8049,13.5054,0.2701,74.8
20.6156,35.8383,13.5461,0.2709,74.9
20.5417,35.8715,13.5868,0.2717,75.0
20.4680,35.9044,13.6276,0.2726,75.1
20.3945,35.9371,13.6684,0.2734,75.2
20.3212,35.9695,13.7092,0.2742,75.3
20.2481,36.0017,13.7501,0.2750,75.4
20.1752,36.0337,13.7910,0.2758,75.5
20.1025,36.0655,13.8320,0.2766,75.6
20.0300,36.0970,13.8730,0.2775,75.7
19.9577,36.1283,13.9140,0.2783,75.8
19.8856,36.1593,13.9550,0.2791,75.9
19.8137,36.1901,13.9961,0.2799,76.0
19.7420,36.2207,14.0372,0.2807,76.1
19.6705,36.2511,14.0784,0.2816,76.2
19.5992,36.2812,14.1196,0.2824,76.3
19.5281,36.3111,14.1608,0.2832,76.4
19.4572,36.3407,14.2021,0.2840,76.5
19.3865,36.3701,14.2434,0.2849,76.6
19.3160,36.3993,14.2847,0.2857,76.7
19.2457,36.4283,14.3261,0.2865,76.8
19.1756,36.4570,14.3675,0.2873,76.9
19.1056,36.4854,14.4089,0.2882,77.0
19.0359,36.5137,14.4504,0.2890,77.1
18.9664,36.5417,14.4919,0.2898,77.2
18.8971,36.5695,14.5334,0.2907,77.3
18.8280,36.5970,14.5749,0.2915,77.4
18.7591,36.6244,14.6165,0.2923,77.5
18.6904,36.6514,14.6581,0.2932,77.6
18.6219,36.6783,14.6998,0.2940,77.7
18.5536,36.7049,14.7415,0.2948,77.8
18.4855,36.7313,14.7832,0.2957,77.9
18.4176,36.7575,14.8249,0.2965,78.0
18.3499,36.7834,14.8667,0.2973,78.1
18.2824,36.8091,14.9085,0.2982,78.2
18.2151,36.8346,14.9503,0.2990,78.3
18.1480,36.8598,14.9922,0.2998,78.4
18.0811,36.8848,15.0341,0.3007,78.5
18.0144,36.9096,15.0760,0.3015,78.6
17.9479,36.9341,15.1179,0.3024,78.7
17.8817,36.9585,15.1599,0.3032,78.8
17.8156,36.9825,15.2019,0.3040,78.9
17.7497,37.0064,15.2439,0.3049,79.0
17.6840,37.0300,15.2860,0.3057,79.1
17.6185,37.0534,15.3280,0.3066,79.2
17.5532,37.0766,15.3702,0.3074,79.3
17.4881,37.0996,15.4123,0.3082,79.4
17.4233,37.1223,15.4544,0.3091,79.5
17.3586,37.1448,15.4966,0.3099,79.6
17.2941,37.1670,15.5388,0.3108,79.7
17.2298,37.1891,15.5811,0.3116,79.8
17.1658,37.2109,15.6233,0.3125,79.9
17.1019,37.2325,15.6656,0.3133,80.0
17.0382,37.2539,15.7079,0.3142,80.1
16.9747,37.2750,15.7503,0.3150,80.2
16.9115,37.2959,15.7926,0.3159,80.3
16.8484,37.3166,15.8350,0.3167,80.4
16.7855,37.3371,15.8774,0.3175,80.5
16.7228,37.3573,15.9198,0.3184,80.6
16.6604,37.3773,15.9623,0.3192,80.7
16.5981,37.3971,16.0048,0.3201,80.8
16.5360,37.4167,16.0473,0.3209,80.9
16.4742,37.4361,16.0898,0.3218,81.0
16.4125,37.4552,16.1323,0.3226,81.1
16.3510,37.4741,16.1749,0.3235,81.2
16.2897,37.4928,16.2175,0.3243,81.3
16.2287,37.5113,16.2601,0.3252,81.4
16.1678,37.5295,16.3027,0.3261,81.5
16.1071,37.5475,16.3453,0.3269,81.6
16.0466,37.5654,16.3880,0.3278,81.7
15.9864,37.5830,16.4307,0.3286,81.8
15.9263,37.6003,16.4734,0.3295,81.9
15.8664,37.6175,16.5161,0.3303,82.0
15.8067,37.6344,16.5589,0.3312,82.1
15.7472,37.6511,16.6017,0.3320,82.2
15.6879,37.6676,16.6444,0.3329,82.3
15.6288,37.6839,16.6872,0.3337,82.4
15.5699,37.7000,16.7301,0.3346,82.5
15.5112,37.7159,16.7729,0.3355,82.6
15.4527,37.7315,16.8158,0.3363,82.7
15.3944,37.7469,16.8586,0.3372,82.8
15.3363,37.7621,16.9015,0.3380,82.9
15.2784,37.7772,16.9444,0.3389,83.0
15.2207,37.7919,16.9874,0.3397,83.1
15.1632,37.8065,17.0303,0.3406,83.2
15.1058,37.8209,17.0733,0.3415,83.3
15.0487,37.8350,17.1163,0.3423,83.4
14.9918,37.8490,17.1593,0.3432,83.5
14.9350,37.8627,17.2023,0.3440,83.6
14.8785,37.8762,17.2453,0.3449,83.7
14.8221,37.8895,17.2883,0.3458,83.8
14.7660,37.9027,17.3314,0.3466,83.9
14.7100,37.9156,17.3745,0.3475,84.0
14.6542,37.9282,17.4175,0.3484,84.1
14.5986,37.9407,17.4606,0.3492,84.2
14.5433,37.9530,17.5038,0.3501,84.3
14.4881,37.9651,17.5469,0.3509,84.4
14.4331,37.9769,17.5900,0.3518,84.5
14.3782,37.9886,17.6332,0.3527,84.6
14.3236,38.0000,17.6764,0.3535,84.7
14.2692,38.0113,17.7195,0.3544,84.8
14.2150,38.0223,17.7627,0.3553,84.9
14.1609,38.0332,17.8059,0.3561,85.0
14.1070,38.0438,17.8492,0.3570,85.1
14.0534,38.0542,17.8924,0.3578,85.2
13.9999,38.0645,17.9356,0.3587,85.3
13.9466,38.0745,17.9789,0.3596,85.4
13.8935,38.0844,18.0222,0.3604,85.5
13.8406,38.0940,18.0654,0.3613,85.6
13.7879,38.1034,18.1087,0.3622,85.7
13.7353,38.1127,18.1520,0.3630,85.8
13.6830,38.1217,18.1953,0.3639,85.9
13.6308,38.1305,18.2386,0.3648,86.0
13.5788,38.1392,18.2820,0.3656,86.1
13.5271,38.1476,18.3253,0.3665,86.2
13.4755,38.1559,18.3687,0.3674,86.3
13.4240,38.1639,18.4120,0.3682,86.4
13.3728,38.1718,18.4554,0.3691,86.5
13.3218,38.1795,18.4988,0.3700,86.6
13.2709,38.1870,18.5422,0.3708,86.7
13.2202,38.1942,18.5856,0.3717,86.8
13.1697,38.2013,18.6290,0.3726,86.9
13.1194,38.2082,18.6724,0.3734,87.0
13.0693,38.2149,18.7158,0.3743,87.1
13.0194,38.2215,18.7592,0.3752,87.2
12.9696,38.2278,18.8026,0.3761,87.3
12.9200,38.2339,18.8461,0.3769,87.4
12.8706,38.2399,18.8895,0.3778,87.5
12.8214,38.2456,18.9330,0.3787,87.6
12.7724,38.2512,18.9764,0.3795,87.7
12.7235,38.2566,19.0199,0.3804,87.8
12.6748,38.2618,19.0634,0.3813,87.9
12.6263,38.2668,19.1069,0.3821,88.0
12.5780,38.2717,19.1504,0.3830,88.1
12.5299,38.2763,19.1938,0.3839,88.2
12.4819,38.2808,19.2373,0.3847,88.3
12.4341,38.2850,19.2808,0.3856,88.4
12.3865,38.2891,19.3244,0.3865,88.5
12.3391,38.2931,19.3679,0.3874,88.6
12.2919,38.2968,19.4114,0.3882,88.7
12.2448,38.3004,19.4549,0.3891,88.8
12.1979,38.3037,19.4984,0.3900,88.9
12.1512,38.3069,19.5419,0.3908,89.0
12.1046,38.3099,19.5855,0.3917,89.1
12.0582,38.3128,19.6290,0.3926,89.2
12.0120,38.3154,19.6725,0.3935,89.3
11.9660,38.3179,19.7161,0.3943,89.4
11.9202,38.3202,19.7596,0.3952,89.5
11.8745,38.3224,19.8032,0.3961,89.6
11.8290,38.3243,19.8467,0.3969,89.7
11.7836,38.3261,19.8903,0.3978,89.8
11.7385,38.3277,19.9338,0.3987,89.9
11.6935,38.3292,19.9774,0.3995,90.0
11.6487,38.3304,20.0209,0.4004,90.1
11.6040,38.3315,20.0645,0.4013,90.2
11.5595,38.3324,20.1081,0.4022,90.3
11.5152,38.3332,20.1516,0.4030,90.4
11.4711,38.3338,20.1952,0.4039,90.5
11.4271,38.3342,20.2387,0.4048,90.6
11.3833,38.3344,20.2823,0.4056,90.7
11.3397,38.3345,20.3259,0.4065,90.8
11.2962,38.3344,20.3694,0.4074,90.9
11.2529,38.3341,20.4130,0.4083,91.0
11.2098,38.3337,20.4565,0.4091,91.1
11.1668,38.3331,20.5001,0.4100,91.2
11.1240,38.3324,20.5437,0.4109,91.3
11.0813,38.3315,20.5872,0.4117,91.4
11.0389,38.3304,20.6308,0.4126,91.5
10.9966,38.3291,20.6743,0.4135,91.6
10.9544,38.3277,20.7179,0.4144,91.7
10.9124,38.3262,20.7615,0.4152,91.8
10.8706,38.3244,20.8050,0.4161,91.9
10.8289,38.3225,20.8486,0.4170,92.0
10.7874,38.3205,20.8921,0.4178,92.1
10.7461,38.3183,20.9357,0.4187,92.2
10.7049,38.3159,20.9792,0.4196,92.3
10.6639,38.3134,21.0227,0.4205,92.4
10.6231,38.3107,21.0663,0.4213,92.5
10.5824,38.3079,21.1098,0.4222,92.6
10.5418,38.3049,21.1533,0.4231,92.7
10.5014,38.3017,21.1969,0.4239,92.8
10.4612,38.2984,21.2404,0.4248,92.9
10.4211,38.2950,21.2839,0.4257,93.0
10.3812,38.2914,21.3274,0.4265,93.1
10.3415,38.2876,21.3709,0.4274,93.2
10.3019,38.2837,21.4145,0.4283,93.3
10.2625,38.2796,21.4580,0.4292,93.4
10.2232,38.2754,21.5015,0.4300,93.5
10.1840,38.2710,21.5450,0.4309,93.6
10.1451,38.2665,21.5884,0.4318,93.7
10.1062,38.2619,21.6319,0.4326,93.8
10.0676,38.2571,21.6754,0.4335,93.9
10.0291,38.2521,21.7189,0.4344,94.0
9.9907,38.2470,21.7623,0.4352,94.1
9.9525,38.2417,21.8058,0.4361,94.2
9.9144,38.2363,21.8493,0.4370,94.3
9.8765,38.2308,21.8927,0.4379,94.4
9.8388,38.2251,21.9362,0.4387,94.5
9.8011,38.2193,21.9796,0.4396,94.6
9.7637,38.2133,22.0230,0.4405,94.7
9.7264,38.2072,22.0665,0.4413,94.8
9.6892,38.2009,22.1099,0.4422,94.9
9.6522,38.1945,22.1533,0.4431,95.0
9.6153,38.1880,22.1967,0.4439,95.1
9.5786,38.1813,22.2401,0.4448,95.2
9.5420,38.1745,22.2835,0.4457,95.3
9.5056,38.1676,22.3269,0.4465,95.4
9.4693,38.1605,22.3702,0.4474,95.5
9.4332,38.1532,22.4136,0.4483,95.6
9.3972,38.1459,22.4569,0.4491,95.7
9.3614,38.1384,22.5003,0.4500,95.8
9.3257,38.1307,22.5436,0.4509,95.9
9.2901,38.1230,22.5870,0.4517,96.0
9.2547,38.1151,22.6303,0.4526,96.1
9.2194,38.1070,22.6736,0.4535,96.2
9.1843,38.0989,22.7169,0.4543,96.3
9.1493,38.0905,22.7602,0.4552,96.4
9.1144,38.0821,22.8035,0.4561,96.5
9.0797,38.0736,22.8468,0.4569,96.6
9.0452,38.0649,22.8900,0.4578,96.7
9.0107,38.0560,22.9333,0.4587,96.8
8.9764,38.0471,22.9765,0.4595,96.9
8.9423,38.0380,23.0198,0.4604,97.0
8.9083,38.0288,23.0630,0.4613,97.1
8.8744,38.0194,23.1062,0.4621,97.2
8.8406,38.0100,23.1494,0.4630,97.3
8.8070,38.0004,23.1926,0.4639,97.4
8.7736,37.9907,23.2358,0.4647,97.5
8.7402,37.9808,23.2789,0.4656,97.6
8.7070,37.9709,23.3221,0.4664,97.7
8.6740,37.9608,23.3653,0.4673,97.8
8.6411,37.9506,23.4084,0.4682,97.9
8.6083,37.9402,23.4515,0.4690,98.0
8.5756,37.9298,23.4946,0.4699,98.1
8.5431,37.9192,23.5377,0.4708,98.2
8.5107,37.9085,23.5808,0.4716,98.3
8.4784,37.8977,23.6239,0.4725,98.4
8.4463,37.8868,23.6670,0.4733,98.5
8.4143,37.8757,23.7100,0.4742,98.6
8.3824,37.8646,23.7531,0.4751,98.7
8.3507,37.8533,23.7961,0.4759,98.8
8.3191,37.8419,23.8391,0.4768,98.9
8.2876,37.8303,23.8821,0.4776,99.0
8.2562,37.8187,23.9251,0.4785,99.1
8.2250,37.8069,23.9681,0.4794,99.2
8.1939,37.7951,24.0110,0.4802,99.3
8.1630,37.7831,24.0540,0.4811,99.4
8.1321,37.7710,24.0969,0.4819,99.5
8.1014,37.7588,24.1398,0.4828,99.6
8.0708,37.7465,24.1827,0.4837,99.7
8.0403,37.7341,24.2256,0.4845,99.8
8.0100,37.7215,24.2685,0.4854,99.9
7.9798,37.7089,24.3114,0.4862,100.0
7.9497,37.6961,24.3542,0.4871,100.1
7.9197,37.6832,24.3971,0.4879,100.2
7.8899,37.6703,24.4399,0.4888,100.3
7.8602,37.6572,24.4827,0.4897,100.4
7.8306,37.6440,24.5255,0.4905,100.5
7.8011,37.6307,24.5683,0.4914,100.6
7.7717,37.6173,24.6110,0.4922,100.7
7.7425,37.6038,24.6538,0.4931,100.8
7.7134,37.5901,24.6965,0.4939,100.9
7.6844,37.5764,24.7392,0.4948,101.0
7.6555,37.5626,24.7819,0.4956,101.1
7.6268,37.5487,24.8246,0.4965,101.2
7.5981,37.5346,24.8673,0.4973,101.3
7.5696,37.5205,24.9099,0.4982,101.4
7.5412,37.5063,24.9526,0.4991,101.5
7.5129,37.4919,24.9952,0.4999,101.6
7.4847,37.4775,25.0378,0.5008,101.7
7.4567,37.4630,25.0804,0.5016,101.8
7.4288,37.4483,25.1230,0.5025,101.9
7.4009,37.4336,25.1655,0.5033,102.0
7.3732,37.4188,25.2080,0.5042,102.1
7.3456,37.4038,25.2506,0.5050,102.2
7.3182,37.3888,25.2931,0.5059,102.3
7.2908,37.3737,25.3356,0.5067,102.4
7.2636,37.3584,25.3780,0.5076,102.5
7.2364,37.3431,25.4205,0.5084,102.6
7.2094,37.3277,25.4629,0.5093,102.7
7.1825,37.3122,25.5053,0.5101,102.8
7.1557,37.2966,25.5477,0.5110,102.9
7.1290,37.2809,25.5901,0.5118,103.0
7.1024,37.2651,25.6325,0.5126,103.1
7.0760,37.2493,25.6748,0.5135,103.2
7.0496,37.2333,25.7172,0.5143,103.3
7.0234,37.2172,25.7595,0.5152,103.4
6.9972,37.2011,25.8018,0.5160,103.5
6.9712,37.1848,25.8440,0.5169,103.6
6.9453,37.1685,25.8863,0.5177,103.7
6.9194,37.1521,25.9285,0.5186,103.8
6.8937,37.1356,25.9707,0.5194,103.9
6.8681,37.1190,26.0129,0.5203,104.0
6.8426,37.1023,26.0551,0.5211,104.1
6.8173,37.0855,26.0973,0.5219,104.2
6.7920,37.0686,26.1394,0.5228,104.3
6.7668,37.0517,26.1816,0.5236,104.4
6.7417,37.0347,26.2237,0.5245,104.5
6.7168,37.0175,26.2657,0.5253,104.6
6.6919,37.0003,26.3078,0.5262,104.7
6.6671,36.9831,26.3499,0.5270,104.8
6.6425,36.9657,26.3919,0.5278,104.9
6.6179,36.9482,26.4339,0.5287,105.0
6.5935,36.9307,26.4759,0.5295,105.1
6.5691,36.9131,26.5178,0.5304,105.2
6.5449,36.8954,26.5598,0.5312,105.3
6.5207,36.8776,26.6017,0.5320,105.4
6.4967,36.8597,26.6436,0.5329,105.5
6.4727,36.8418,26.6855,0.5337,105.6
6.4489,36.8238,26.7274,0.5345,105.7
6.4251,36.8057,26.7692,0.5354,105.8
6.4015,36.7875,26.8110,0.5362,105.9
6.3779,36.7693,26.8528,0.5371,106.0
6.3545,36.7509,26.8946,0.5379,106.1
6.3311,36.7325,26.9364,0.5387,106.2
6.3079,36.7140,26.9781,0.5396,106.3
6.2847,36.6955,27.0199,0.5404,106.4
6.2617,36.6768,27.0616,0.5412,106.5
6.2387,36.6581,27.1032,0.5421,106.6
6.2158,36.6393,27.1449,0.5429,106.7
6.1930,36.6205,27.1865,0.5437,106.8
6.1704,36.6015,27.2281,0.5446,106.9
6.1478,36.5825,27.2697,0.5454,107.0
6.1253,36.5634,27.3113,0.5462,107.1
6.1029,36.5443,27.3529,0.5471,107.2
6.0806,36.5251,27.3944,0.5479,107.3
6.0584,36.5058,27.4359,0.5487,107.4
6.0363,36.4864,27.4774,0.5495,107.5
6.0142,36.4670,27.5188,0.5504,107.6
5.9923,36.4475,27.5603,0.5512,107.7
5.9705,36.4279,27.6017,0.5520,107.8
5.9487,36.4082,27.6431,0.5529,107.9
5.9271,36.3885,27.6845,0.5537,108.0
5.9055,36.3687,27.7258,0.5545,108.1
5.8840,36.3489,27.7671,0.5553,108.2
5.8626,36.3290,27.8084,0.5562,108.3
5.8413,36.3090,27.8497,0.5570,108.4
5.8201,36.2889,27.8910,0.5578,108.5
5.7990,36.2688,27.9322,0.5586,108.6
5.7780,36.2486,27.9734,0.5595,108.7
5.7570,36.2284,28.0146,0.5603,108.8
5.7362,36.2081,28.0558,0.5611,108.9
5.7154,36.1877,28.0969,0.5619,109.0
5.6947,36.1673,28.1381,0.5628,109.1
5.6741,36.1468,28.1792,0.5636,109.2
5.6536,36.1262,28.2202,0.5644,109.3
5.6332,36.1056,28.2613,0.5652,109.4
5.6128,36.0849,28.3023,0.5660,109.5
5.5926,36.0641,28.3433,0.5669,109.6
5.5724,36.0433,28.3843,0.5677,109.7
5.5523,36.0224,28.4253,0.5685,109.8
5.5323,36.0015,28.4662,0.5693,109.9
5.5124,35.9805,28.5071,0.5701,110.0
5.4926,35.9594,28.5480,0.5710,110.1
5.4728,35.9383,28.5889,0.5718,110.2
5.4532,35.9172,28.6297,0.5726,110.3
5.4336,35.8959,28.6705,0.5734,110.4
5.4141,35.8747,28.7113,0.5742,110.5
5.3947,35.8533,28.7521,0.5750,110.6
5.3753,35.8319,28.7928,0.5759,110.7
5.3561,35.8105,28.8335,0.5767,110.8
5.3369,35.7889,28.8742,0.5775,110.9
5.3178,35.7674,28.9149,0.5783,111.0
5.2988,35.7457,28.9555,0.5791,111.1
5.2798,35.7241,28.9962,0.5799,111.2
5.2609,35.7023,29.0368,0.5807,111.3
5.2422,35.6805,29.0773,0.5815,111.4
5.2235,35.6587,29.1179,0.5824,111.5
5.2048,35.6368,29.1584,0.5832,111.6
5.1863,35.6149,29.1989,0.5840,111.7
5.1678,35.5929,29.2394,0.5848,111.8
5.1494,35.5708,29.2798,0.5856,111.9
5.1311,35.5487,29.3202,0.5864,112.0
5.1129,35.5265,29.3606,0.5872,112.1
5.0947,35.5043,29.4010,0.5880,112.2
5.0766,35.4821,29.4413,0.5888,112.3
5.0586,35.4598,29.4817,0.5896,112.4
5.0407,35.4374,29.5220,0.5904,112.5
5.0228,35.4150,29.5622,0.5912,112.6
5.0050,35.3925,29.6025,0.5920,112.7
4.9873,35.3700,29.6427,0.5929,112.8
4.9697,35.3475,29.6829,0.5937,112.9
4.9521,35.3249,29.7231,0.5945,113.0
4.9346,35.3022,29.7632,0.5953,113.1
4.9172,35.2795,29.8033,0.5961,113.2
4.8998,35.2568,29.8434,0.5969,113.3
4.8826,35.2340,29.8835,0.5977,113.4
4.8653,35.2112,29.9235,0.5985,113.5
4.8482,35.1883,29.9635,0.5993,113.6
4.8312,35.1654,30.0035,0.6001,113.7
4.8142,35.1424,30.0435,0.6009,113.8
4.7973,35.1194,30.0834,0.6017,113.9
4.7804,35.0963,30.1233,0.6025,114.0
4.7636,35.0732,30.1632,0.6033,114.1
4.7469,35.0501,30.2030,0.6041,114.2
4.7303,35.0269,30.2429,0.6049,114.3
4.7137,35.0036,30.2827,0.6057,114.4
4.6972,34.9804,30.3225,0.6064,114.5
4.6808,34.9570,30.3622,0.6072,114.6
4.6644,34.9337,30.4019,0.6080,114.7
4.6481,34.9103,30.4416,0.6088,114.8
4.6319,34.8868,30.4813,0.6096,114.9
4.6157,34.8633,30.5209,0.6104,115.0
4.5996,34.8398,30.5606,0.6112,115.1
4.5836,34.8163,30.6002,0.6120,115.2
4.5677,34.7926,30.6397,0.6128,115.3
4.5518,34.7690,30.6793,0.6136,115.4
4.5359,34.7453,30.7188,0.6144,115.5
4.5202,34.7216,30.7583,0.6152,115.6
4.5045,34.6978,30.7977,0.6160,115.7
4.4889,34.6740,30.8371,0.6167,115.8
4.4733,34.6502,30.8765,0.6175,115.9
4.4578,34.6263,30.9159,0.6183,116.0
4.4424,34.6024,30.9553,0.6191,116.1
4.4270,34.5785,30.9946,0.6199,116.2
4.4117,34.5545,31.0339,0.6207,116.3
4.3964,34.5305,31.0731,0.6215,116.4
4.3813,34.5064,31.1124,0.6222,116.5
4.3661,34.4823,31.1516,0.6230,116.6
4.3511,34.4582,31.1908,0.6238,116.7
4.3361,34.4340,31.2299,0.6246,116.8
4.3212,34.4098,31.2691,0.6254,116.9
4.3063,34.3856,31.3082,0.6262,117.0
4.2915,34.3613,31.3472,0.6269,117.1
4.2767,34.3370,31.3863,0.6277,117.2
4.2620,34.3127,31.4253,0.6285,117.3
4.2474,34.2883,31.4643,0.6293,117.4
4.2329,34.2639,31.5033,0.6301,117.5
4.2184,34.2395,31.5422,0.6308,117.6
4.2039,34.2150,31.5811,0.6316,117.7
4.1895,34.1905,31.6200,0.6324,117.8
4.1752,34.1660,31.6588,0.6332,117.9
4.1609,34.1414,31.6977,0.6340,118.0
4.1467,34.1168,31.7365,0.6347,118.1
4.1326,34.0922,31.7752,0.6355,118.2
4.1185,34.0676,31.8140,0.6363,118.3
4.1045,34.0429,31.8527,0.6371,118.4
4.0905,34.0182,31.8914,0.6378,118.5
4.0766,33.9934,31.9300,0.6386,118.6
4.0627,33.9687,31.9687,0.6394,118.7
4.0489,33.9439,32.0073,0.6401,118.8
4.0352,33.9190,32.0458,0.6409,118.9
4.0215,33.8942,32.0844,0.6417,119.0
4.0079,33.8693,32.1229,0.6425,119.1
3.9943,33.8444,32.1614,0.6432,119.2
3.9808,33.8194,32.1998,0.6440,119.3
3.9673,33.7945,32.2383,0.6448,119.4
3.9539,33.7695,32.2767,0.6455,119.5
3.9405,33.7444,32.3150,0.6463,119.6
3.9272,33.7194,32.3534,0.6471,119.7
3.9140,33.6943,32.3917,0.6478,119.8
3.9008,33.6692,32.4300,0.6486,119.9
3.8877,33.6441,32.4683,0.6494,120.0
3.8746,33.6189,32.5065,0.6501,120.1
3.8616,33.5938,32.5447,0.6509,120.2
3.8486,33.5686,32.5829,0.6517,120.3
3.8357,33.5433,32.6210,0.6524,120.4
3.8228,33.5181,32.6591,0.6532,120.5
3.8100,33.4928,32.6972,0.6539,120.6
3.7972,33.4675,32.7353,0.6547,120.7
3.7845,33.4422,32.7733,0.6555,120.8
3.7719,33.4169,32.8113,0.6562,120.9
3.7593,33.3915,32.8493,0.6570,121.0
3.7467,33.3661,32.8872,0.6577,121.1
3.7342,33.3407,32.9252,0.6585,121.2
3.7218,33.3152,32.9630,0.6593,121.3
3.7094,33.2898,33.0009,0.6600,121.4
3.6970,33.2643,33.0387,0.6608,121.5
3.6847,33.2388,33.0765,0.6615,121.6
3.6725,33.2133,33.1143,0.6623,121.7
3.6603,33.1877,33.1520,0.6630,121.8
3.6481,33.1622,33.1898,0.6638,121.9
3.6360,33.1366,33.2274,0.6645,122.0
3.6240,33.1110,33.2651,0.6653,122.1
3.6120,33.0853,33.3027,0.6661,122.2
3.6000,33.0597,33.3403,0.6668,122.3
3.5881,33.0340,33.3779,0.6676,122.4
3.5763,33.0084,33.4154,0.6683,122.5
3.5645,32.9826,33.4529,0.6691,122.6
3.5527,32.9569,33.4904,0.6698,122.7
3.5410,32.9312,33.5279,0.6706,122.8
3.5294,32.9054,33.5653,0.6713,122.9
3.5177,32.8796,33.6027,0.6721,123.0
3.5062,32.8538,33.6400,0.6728,123.1
3.4947,32.8280,33.6774,0.6735,123.2
3.4832,32.8022,33.7147,0.6743,123.3
3.4718,32.7763,33.7520,0.6750,123.4
3.4604,32.7505,33.7892,0.6758,123.5
3.4490,32.7246,33.8264,0.6765,123.6
3.4378,32.6987,33.8636,0.6773,123.7
3.4265,32.6728,33.9008,0.6780,123.8
3.4153,32.6468,33.9379,0.6788,123.9
3.4042,32.6209,33.9750,0.6795,124.0
3.3931,32.5949,34.0121,0.6802,124.1
3.3820,32.5690,34.0491,0.6810,124.2
3.3710,32.5430,34.0861,0.6817,124.3
3.3600,32.5169,34.1231,0.6825,124.4
3.3491,32.4909,34.1600,0.6832,124.5
3.3382,32.4649,34.1970,0.6839,124.6
3.3274,32.4388,34.2339,0.6847,124.7
3.3166,32.4128,34.2707,0.6854,124.8
3.3058,32.3867,34.3075,0.6862,124.9
3.2951,32.3606,34.3444,0.6869,125.0
3.2845,32.3345,34.3811,0.6876,125.1
3.2738,32.3083,34.4179,0.6884,125.2
3.2633,32.2822,34.4546,0.6891,125.3
3.2527,32.2561,34.4913,0.6898,125.4
3.2422,32.2299,34.5279,0.6906,125.5
3.2318,32.2037,34.5645,0.6913,125.6
3.2214,32.1775,34.6011,0.6920,125.7
3.2110,32.1513,34.6377,0.6928,125.8
3.2007,32.1251,34.6742,0.6935,125.9
3.1904,32.0989,34.7108,0.6942,126.0
3.1802,32.0727,34.7472,0.6949,126.1
3.1700,32.0464,34.7837,0.6957,126.2
3.1598,32.0202,34.8201,0.6964,126.3
3.1497,31.9939,34.8565,0.6971,126.4
3.1396,31.9676,34.8928,0.6979,126.5
3.1296,31.9413,34.9292,0.6986,126.6
3.1196,31.9150,34.9655,0.6993,126.7
3.1096,31.8887,35.0017,0.7000,126.8
3.0997,31.8624,35.0380,0.7008,126.9
3.0898,31.8361,35.0742,0.7015,127.0
3.0800,31.8097,35.1103,0.7022,127.1
3.0702,31.7834,35.1465,0.7029,127.2
3.0604,31.7570,35.1826,0.7037,127.3
3.0507,31.7306,35.2187,0.7044,127.4
3.0410,31.7043,35.2548,0.7051,127.5
3.0314,31.6779,35.2908,0.7058,127.6
3.0218,31.6515,35.3268,0.7065,127.7
3.0122,31.6251,35.3628,0.7073,127.8
3.0027,31.5987,35.3987,0.7080,127.9
2.9932,31.5723,35.4346,0.7087,128.0
2.9838,31.5458,35.4705,0.7094,128.1
2.9744,31.5194,35.5063,0.7101,128.2
2.9650,31.4930,35.5421,0.7108,128.3
2.9556,31.4665,35.5779,0.7116,128.4
2.9463,31.4400,35.6137,0.7123,128.5
2.9371,31.4136,35.6494,0.7130,128.6
2.9279,31.3871,35.6851,0.7137,128.7
2.9187,31.3606,35.7208,0.7144,128.8
2.9095,31.3342,35.7564,0.7151,128.9
2.9004,31.3077,35.7920,0.7158,129.0
2.8913,31.2812,35.8276,0.7166,129.1
2.8823,31.2547,35.8631,0.7173,129.2
2.8733,31.2282,35.8987,0.7180,129.3
2.8643,31.2016,35.9341,0.7187,129.4
2.8554,31.1751,35.9696,0.7194,129.5
2.8465,31.1486,36.0050,0.7201,129.6
2.8376,31.1221,36.0404,0.7208,129.7
2.8288,31.0955,36.0758,0.7215,129.8
2.8200,31.0690,36.1111,0.7222,129.9
2.8112,31.0424,36.1464,0.7229,130.0
2.8025,31.0159,36.1817,0.7236,130.1
2.7938,30.9893,36.2169,0.7243,130.2
2.7851,30.9628,36.2522,0.7250,130.3
2.7765,30.9362,36.2873,0.7257,130.4
2.7679,30.9097,36.3225,0.7265,130.5
2.7594,30.8831,36.3576,0.7272,130.6
2.7508,30.8565,36.3927,0.7279,130.7
2.7423,30.8299,36.4278,0.7286,130.8
2.7339,30.8034,36.4628,0.7293,130.9
2.7255,30.7768,36.4978,0.7300,131.0
2.7171,30.7502,36.5328,0.7307,131.1
2.7087,30.7236,36.5677,0.7314,131.2
2.7004,30.6970,36.6027,0.7321,131.3
2.6921,30.6704,36.6375,0.7328,131.4
2.6839,30.6438,36.6724,0.7334,131.5
2.6756,30.6172,36.7072,0.7341,131.6
2.6674,30.5906,36.7420,0.7348,131.7
2.6593,30.5640,36.7768,0.7355,131.8
2.6511,30.5374,36.8115,0.7362,131.9
2.6431,30.5108,36.8462,0.7369,132.0
2.6350,30.4842,36.8809,0.7376,132.1
2.6270,30.4576,36.9155,0.7383,132.2
2.6190,30.4310,36.9501,0.7390,132.3
2.6110,30.4044,36.9847,0.7397,132.4
2.6030,30.3778,37.0193,0.7404,132.5
2.5951,30.3512,37.0538,0.7411,132.6
2.5873,30.3245,37.0883,0.7418,132.7
2.5794,30.2979,37.1227,0.7425,132.8
2.5716,30.2713,37.1572,0.7431,132.9
2.5638,30.2447,37.1916,0.7438,133.0
2.5561,30.2181,37.2259,0.7445,133.1
2.5483,30.1915,37.2603,0.7452,133.2
2.5406,30.1648,37.2946,0.7459,133.3
2.5330,30.1382,37.3289,0.7466,133.4
2.5253,30.1116,37.3631,0.7473,133.5
2.5177,30.0850,37.3973,0.7479,133.6
2.5102,30.0584,37.4315,0.7486,133.7
2.5026,30.0318,37.4657,0.7493,133.8
2.4951,30.0052,37.4998,0.7500,133.9
2.4876,29.9786,37.5339,0.7507,134.0
2.4802,29.9520,37.5680,0.7514,134.1
2.4727,29.9253,37.6020,0.7520,134.2
2.4653,29.8987,37.6360,0.7527,134.3
2.4580,29.8721,37.6700,0.7534,134.4
2.4506,29.8455,37.7039,0.7541,134.5
2.4433,29.8189,37.7378,0.7548,134.6
2.4360,29.7923,37.7717,0.7554,134.7
2.4288,29.7657,37.8056,0.7561,134.8
2.4215,29.7391,37.8394,0.7568,134.9
2.4143,29.7125,37.8732,0.7575,135.0
2.4072,29.6860,37.9070,0.7581,135.1
2.4000,29.6594,37.9407,0.7588,135.2
2.3929,29.6328,37.9744,0.7595,135.3
2.3858,29.6062,38.0081,0.7602,135.4
2.3787,29.5796,38.0417,0.7608,135.5
2.3717,29.5530,38.0753,0.7615,135.6
2.3647,29.5265,38.1089,0.7622,135.7
2.3577,29.4999,38.1425,0.7628,135.8
2.3508,29.4733,38.1760,0.7635,135.9
2.3438,29.4468,38.2095,0.7642,136.0
2.3369,29.4202,38.2429,0.7649,136.1
2.3301,29.3936,38.2764,0.7655,136.2
2.3232,29.3671,38.3098,0.7662,136.3
2.3164,29.3405,38.3431,0.7669,136.4
2.3096,29.3140,38.3765,0.7675,136.5
2.3028,29.2875,38.4098,0.7682,136.6
2.2961,29.2609,38.4431,0.7689,136.7
2.2894,29.2344,38.4763,0.7695,136.8
2.2827,29.2079,38.5095,0.7702,136.9
2.2760,29.1813,38.5427,0.7709,137.0
2.2694,29.1548,38.5759,0.7715,137.1
2.2627,29.1283,38.6090,0.7722,137.2
2.2561,29.1018,38.6421,0.7728,137.3
2.2496,29.0753,38.6752,0.7735,137.4
2.2430,29.0488,38.7082,0.7742,137.5
2.2365,29.0223,38.7412,0.7748,137.6
2.2300,28.9958,38.7742,0.7755,137.7
2.2236,28.9693,38.8072,0.7761,137.8
2.2171,28.9428,38.8401,0.7768,137.9
2.2107,28.9164,38.8730,0.7775,138.0
2.2043,28.8899,38.9058,0.7781,138.1
2.1979,28.8634,38.9387,0.7788,138.2
2.1916,28.8370,38.9715,0.7794,138.3
2.1853,28.8105,39.0042,0.7801,138.4
2.1790,28.7841,39.0370,0.7807,138.5
2.1727,28.7577,39.0697,0.7814,138.6
2.1665,28.7312,39.1024,0.7820,138.7
2.1602,28.7048,39.1350,0.7827,138.8
2.1540,28.6784,39.1676,0.7834,138.9
2.1479,28.6520,39.2002,0.7840,139.0
2.1417,28.6256,39.2328,0.7847,139.1
2.1356,28.5992,39.2653,0.7853,139.2
2.1295,28.5728,39.2978,0.7860,139.3
2.1234,28.5464,39.3303,0.7866,139.4
2.1173,28.5200,39.3627,0.7873,139.5
2.1113,28.4937,39.3951,0.7879,139.6
2.1053,28.4673,39.4275,0.7886,139.7
2.0993,28.4409,39.4599,0.7892,139.8
2.0933,28.4146,39.4922,0.7898,139.9
2.0874,28.3882,39.5245,0.7905,140.0
2.0814,28.3619,39.5567,0.7911,140.1
2.0755,28.3356,39.5890,0.7918,140.2
2.0696,28.3093,39.6212,0.7924,140.3
2.0638,28.2830,39.6533,0.7931,140.4
2.0580,28.2567,39.6855,0.7937,140.5
2.0521,28.2304,39.7176,0.7944,140.6
2.0463,28.2041,39.7497,0.7950,140.7
2.0406,28.1778,39.7817,0.7956,140.8
2.0348,28.1515,39.8137,0.7963,140.9
2.0291,28.1253,39.8457,0.7969,141.0
2.0234,28.0990,39.8777,0.7976,141.1
2.0177,28.0728,39.9096,0.7982,141.2
2.0120,28.0465,39.9415,0.7988,141.3
2.0064,28.0203,39.9734,0.7995,141.4
2.0008,27.9941,40.0052,0.8001,141.5
1.9952,27.9679,40.0370,0.8007,141.6
1.9896,27.9417,40.0688,0.8014,141.7
1.9840,27.9155,40.1006,0.8020,141.8
1.9785,27.8893,40.1323,0.8026,141.9
1.9730,27.8631,40.1640,0.8033,142.0
1.9675,27.8370,40.1956,0.8039,142.1
1.9620,27.8108,40.2273,0.8045,142.2
1.9565,27.7847,40.2589,0.8052,142.3
1.9511,27.7585,40.2905,0.8058,142.4
1.9457,27.7324,40.3220,0.8064,142.5
1.9403,27.7063,40.3535,0.8071,142.6
1.9349,27.6802,40.3850,0.8077,142.7
1.9296,27.6541,40.4165,0.8083,142.8
1.9242,27.6280,40.4479,0.8090,142.9
1.9189,27.6019,40.4793,0.8096,143.0
1.9136,27.5758,40.5106,0.8102,143.1
1.9083,27.5498,40.5420,0.8108,143.2
1.9031,27.5237,40.5733,0.8115,143.3
1.8978,27.4977,40.6046,0.8121,143.4
1.8926,27.4716,40.6358,0.8127,143.5
1.8874,27.4456,40.6670,0.8133,143.6
1.8822,27.4196,40.6982,0.8140,143.7
1.8771,27.3936,40.7294,0.8146,143.8
1.8719,27.3676,40.7605,0.8152,143.9
1.8668,27.3417,40.7916,0.8158,144.0
1.8617,27.3157,40.8227,0.8165,144.1
1.8566,27.2897,40.8537,0.8171,144.2
1.8516,27.2638,40.8847,0.8177,144.3
1.8465,27.2379,40.9157,0.8183,144.4
1.8415,27.2119,40.9467,0.8189,144.5
1.8365,27.1860,40.9776,0.8196,144.6
1.8315,27.1601,41.0085,0.8202,144.7
1.8265,27.1342,41.0393,0.8208,144.8
1.8216,27.1084,41.0702,0.8214,144.9
1.8166,27.0825,41.1010,0.8220,145.0
1.8117,27.0566,41.1317,0.8226,145.1
1.8068,27.0308,41.1625,0.8232,145.2
1.8019,27.0050,41.1932,0.8239,145.3
1.7970,26.9791,41.2239,0.8245,145.4
1.7922,26.9533,41.2546,0.8251,145.5
1.7874,26.9275,41.2852,0.8257,145.6
1.7825,26.9017,41.3158,0.8263,145.7
1.7778,26.8760,41.3464,0.8269,145.8
1.7730,26.8502,41.3769,0.8275,145.9
1.7682,26.8245,41.4074,0.8281,146.0
1.7635,26.7987,41.4379,0.8288,146.1
1.7587,26.7730,41.4683,0.8294,146.2
1.7540,26.7473,41.4988,0.8300,146.3
1.7493,26.7216,41.5292,0.8306,146.4
1.7447,26.6959,41.5595,0.8312,146.5
1.7400,26.6702,41.5899,0.8318,146.6
1.7354,26.6445,41.6202,0.8324,146.7
1.7308,26.6189,41.6504,0.8330,146.8
1.7261,26.5932,41.6807,0.8336,146.9
1.7216,26.5676,41.7109,0.8342,147.0
1.7170,26.5420,41.7411,0.8348,147.1
1.7124,26.5164,41.7713,0.8354,147.2
1.7079,26.4908,41.8014,0.8360,147.3
1.7034,26.4652,41.8315,0.8366,147.4
1.6988,26.4396,41.8616,0.8372,147.5
1.6944,26.4141,41.8916,0.8378,147.6
1.6899,26.3886,41.9216,0.8384,147.7
1.6854,26.3630,41.9516,0.8390,147.8
1.6810,26.3375,41.9816,0.8396,147.9
1.6766,26.3120,42.0115,0.8402,148.0
1.6721,26.2865,42.0414,0.8408,148.1
1.6677,26.2610,42.0713,0.8414,148.2
1.6634,26.2356,42.1011,0.8420,148.3
1.6590,26.2101,42.1309,0.8426,148.4
1.6547,26.1847,42.1607,0.8432,148.5
1.6503,26.1593,42.1905,0.8438,148.6
1.6460,26.1339,42.2202,0.8444,148.7
1.6417,26.1085,42.2499,0.8450,148.8
1.6374,26.0831,42.2796,0.8456,148.9
1.6331,26.0577,42.3092,0.8462,149.0
1.6289,26.0324,42.3388,0.8468,149.1
1.6246,26.0070,42.3684,0.8474,149.2
1.6204,25.9817,42.3980,0.8480,149.3
1.6162,25.9564,42.4275,0.8485,149.4
1.6120,25.9311,42.4570,0.8491,149.5
1.6078,25.9058,42.4864,0.8497,149.6
1.6037,25.8805,42.5159,0.8503,149.7
1.5995,25.8553,42.5453,0.8509,149.8
1.5954,25.8300,42.5747,0.8515,149.9
1.5913,25.8048,42.6040,0.8521,150.0
1.5872,25.7796,42.6334,0.8527,150.1
1.5831,25.7544,42.6626,0.8533,150.2
1.5790,25.7292,42.6919,0.8538,150.3
1.5749,25.7040,42.7211,0.8544,150.4
1.5709,25.6788,42.7504,0.8550,150.5
1.5668,25.6537,42.7795,0.8556,150.6
1.5628,25.6286,42.8087,0.8562,150.7
1.5588,25.6034,42.8378,0.8568,150.8
1.5548,25.5783,42.8669,0.8573,150.9
1.5509,25.5532,42.8960,0.8579,151.0
1.5469,25.5282,42.9250,0.8585,151.1
1.5429,25.5031,42.9540,0.8591,151.2
1.5390,25.4781,42.9830,0.8597,151.3
1.5351,25.4530,43.0120,0.8602,151.4
1.5312,25.4280,43.0409,0.8608,151.5
1.5273,25.4030,43.0698,0.8614,151.6
1.5234,25.3780,43.0986,0.8620,151.7
1.5195,25.3530,43.1275,0.8625,151.8
1.5157,25.3281,43.1563,0.8631,151.9
1.5118,25.3031,43.1851,0.8637,152.0
1.5080,25.2782,43.2138,0.8643,152.1
1.5042,25.2533,43.2426,0.8649,152.2
1.5004,25.2284,43.2713,0.8654,152.3
1.4966,25.2035,43.2999,0.8660,152.4
1.4929,25.1787,43.3286,0.8666,152.5
1.4891,25.1538,43.3572,0.8671,152.6
1.4853,25.1290,43.3858,0.8677,152.7
1.4816,25.1041,43.4143,0.8683,152.8
1.4779,25.0793,43.4428,0.8689,152.9
1.4742,25.0545,43.4713,0.8694,153.0
1.4705,25.0298,43.4998,0.8700,153.1
1.4668,25.0050,43.5283,0.8706,153.2
1.4631,24.9803,43.5567,0.8711,153.3
1.4595,24.9555,43.5851,0.8717,153.4
1.4559,24.9308,43.6134,0.8723,153.5
1.4522,24.9061,43.6417,0.8728,153.6
1.4486,24.8814,43.6700,0.8734,153.7
1.4450,24.8567,43.6983,0.8740,153.8
1.4414,24.8321,43.7266,0.8745,153.9
1.4378,24.8075,43.7548,0.8751,154.0
1.4343,24.7828,43.7830,0.8757,154.1
1.4307,24.7582,43.8111,0.8762,154.2
1.4272,24.7336,43.8393,0.8768,154.3
1.4236,24.7091,43.8674,0.8773,154.4
1.4201,24.6845,43.8955,0.8779,154.5
1.4166,24.6599,43.9235,0.8785,154.6
1.4131,24.6354,43.9515,0.8790,154.7
1.4096,24.6109,43.9795,0.8796,154.8
1.4062,24.5864,44.0075,0.8801,154.9
1.4027,24.5619,44.0354,0.8807,155.0
1.3993,24.5375,44.0633,0.8813,155.1
1.3958,24.5130,44.0912,0.8818,155.2
1.3924,24.4886,44.1191,0.8824,155.3
1.3890,24.4642,44.1469,0.8829,155.4
1.3856,24.4398,44.1747,0.8835,155.5
1.3822,24.4154,44.2025,0.8840,155.6
1.3788,24.3910,44.2302,0.8846,155.7
1.3755,24.3666,44.2579,0.8852,155.8
1.3721,24.3423,44.2856,0.8857,155.9
1.3688,24.3180,44.3133,0.8863,156.0
1.3655,24.2937,44.3409,0.8868,156.1
1.3621,24.2694,44.3685,0.8874,156.2
1.3588,24.2451,44.3961,0.8879,156.3
1.3555,24.2209,44.4237,0.8885,156.4
1.3523,24.1966,44.4512,0.8890,156.5
1.3490,24.1724,44.4787,0.8896,156.6
1.3457,24.1482,44.5062,0.8901,156.7
1.3425,24.1240,44.5336,0.8907,156.8
1.3392,24.0998,44.5610,0.8912,156.9
1.3360,24.0757,44.5884,0.8918,157.0
1.3328,24.0515,44.6158,0.8923,157.1
1.3296,24.0274,44.6431,0.8929,157.2
1.3264,24.0033,44.6704,0.8934,157.3
1.3232,23.9792,44.6977,0.8940,157.4
1.3200,23.9551,44.7249,0.8945,157.5
1.3169,23.9311,44.7521,0.8950,157.6
1.3137,23.9070,44.7793,0.8956,157.7
1.3106,23.8830,44.8065,0.8961,157.8
1.3075,23.8590,44.8336,0.8967,157.9
1.3043,23.8350,44.8608,0.8972,158.0
1.3012,23.8110,44.8878,0.8978,158.1
1.2981,23.7871,44.9149,0.8983,158.2
1.2950,23.7631,44.9419,0.8988,158.3
1.2920,23.7392,44.9689,0.8994,158.4
1.2889,23.7153,44.9959,0.8999,158.5
1.2858,23.6914,45.0229,0.9005,158.6
1.2828,23.6675,45.0498,0.9010,158.7
1.2798,23.6436,45.0767,0.9015,158.8
1.2767,23.6198,45.1035,0.9021,158.9
1.2737,23.5960,45.1304,0.9026,159.0
1.2707,23.5722,45.1572,0.9031,159.1
1.2677,23.5484,45.1840,0.9037,159.2
1.2647,23.5246,45.2107,0.9042,159.3
1.2618,23.5008,45.2375,0.9047,159.4
1.2588,23.4771,45.2642,0.9053,159.5
1.2558,23.4534,45.2909,0.9058,159.6
1.2529,23.4297,45.3175,0.9064,159.7
1.2500,23.4060,45.3441,0.9069,159.8
1.2470,23.3823,45.3707,0.9074,159.9
1.2441,23.3587,45.3973,0.9079,160.0
1.2412,23.3350,45.4238,0.9085,160.1
1.2383,23.3114,45.4504,0.9090,160.2
1.2354,23.2878,45.4768,0.9095,160.3
1.2325,23.2642,45.5033,0.9101,160.4
1.2297,23.2406,45.5297,0.9106,160.5
1.2268,23.2171,45.5562,0.9111,160.6
1.2240,23.1936,45.5825,0.9117,160.7
1.2211,23.1700,45.6089,0.9122,160.8
1.2183,23.1465,45.6352,0.9127,160.9
1.2155,23.1231,45.6615,0.9132,161.0
1.2127,23.0996,45.6878,0.9138,161.1
1.2099,23.0761,45.7141,0.9143,161.2
1.2071,23.0527,45.7403,0.9148,161.3
1.2043,23.0293,45.7665,0.9153,161.4
1.2015,23.0059,45.7926,0.9159,161.5
1.1988,22.9825,45.8188,0.9164,161.6
1.1960,22.9592,45.8449,0.9169,161.7
1.1933,22.9358,45.8710,0.9174,161.8
1.1905,22.9125,45.8970,0.9179,161.9
1.1878,22.8892,45.9231,0.9185,162.0
1.1851,22.8659,45.9491,0.9190,162.1
1.1824,22.8426,45.9751,0.9195,162.2
1.1797,22.8194,46.0010,0.9200,162.3
1.1770,22.7961,46.0270,0.9205,162.4
1.1743,22.7729,46.0529,0.9211,162.5
1.1716,22.7497,46.0788,0.9216,162.6
1.1689,22.7265,46.1046,0.9221,162.7
1.1663,22.7033,46.1304,0.9226,162.8
1.1636,22.6802,46.1562,0.9231,162.9
1.1610,22.6571,46.1820,0.9236,163.0
1.1584,22.6339,46.2077,0.9242,163.1
1.1558,22.6108,46.2335,0.9247,163.2
1.1531,22.5878,46.2592,0.9252,163.3
1.1505,22.5647,46.2848,0.9257,163.4
1.1479,22.5416,46.3105,0.9262,163.5
1.1454,22.5186,46.3361,0.9267,163.6
1.1428,22.4956,46.3617,0.9272,163.7
1.1402,22.4726,46.3872,0.9277,163.8
1.1376,22.4496,46.4128,0.9283,163.9
1.1351,22.4267,46.4383,0.9288,164.0
1.1325,22.4037,46.4638,0.9293,164.1
1.1300,22.3808,46.4892,0.9298,164.2
1.1275,22.3579,46.5147,0.9303,164.3
1.1250,22.3350,46.5401,0.9308,164.4
1.1224,22.3122,46.5654,0.9313,164.5
1.1199,22.2893,46.5908,0.9318,164.6
1.1174,22.2665,46.6161,0.9323,164.7
1.1149,22.2437,46.6414,0.9328,164.8
1.1125,22.2209,46.6667,0.9333,164.9
1.1100,22.1981,46.6920,0.9338,165.0
1.1075,22.1753,46.7172,0.9343,165.1
1.1051,22.1526,46.7424,0.9348,165.2
1.1026,22.1299,46.7676,0.9354,165.3
1.1002,22.1072,46.7927,0.9359,165.4
1.0978,22.0845,46.8178,0.9364,165.5
1.0953,22.0618,46.8429,0.9369,165.6
1.0929,22.0391,46.8680,0.9374,165.7
1.0905,22.0165,46.8930,0.9379,165.8
1.0881,21.9939,46.9181,0.9384,165.9
1.0857,21.9713,46.9431,0.9389,166.0
1.0833,21.9487,46.9680,0.9394,166.1
1.0810,21.9261,46.9930,0.9399,166.2
1.0786,21.9036,47.0179,0.9404,166.3
1.0762,21.8811,47.0428,0.9409,166.4
1.0739,21.8586,47.0676,0.9414,166.5
1.0715,21.8361,47.0925,0.9418,166.6
1.0692,21.8136,47.1173,0.9423,166.7
1.0668,21.7911,47.1421,0.9428,166.8
1.0645,21.7687,47.1668,0.9433,166.9
1.0622,21.7463,47.1916,0.9438,167.0
1.0599,21.7239,47.2163,0.9443,167.1
1.0576,21.7015,47.2410,0.9448,167.2
1.0553,21.6791,47.2656,0.9453,167.3
1.0530,21.6568,47.2903,0.9458,167.4
1.0507,21.6345,47.3149,0.9463,167.5
1.0485,21.6121,47.3395,0.9468,167.6
1.0462,21.5898,47.3640,0.9473,167.7
1.0439,21.5676,47.3886,0.9478,167.8
1.0417,21.5453,47.4131,0.9483,167.9
1.0394,21.5231,47.4375,0.9488,168.0
